"Number","GivenName","Surname","Username","Password","OU","EmployeeID"
"1","David","Smith","Wirciang","Vie2uez3oh","OU=Staff,OU=Users,OU=AHS,OU=HS,OU=Sites,DC=ad,DC=example,DC=edu","11776526"
"2","Arthur","Eason","Thisevers61","XeimooC2eig","OU=Staff,OU=Users,OU=BMS,OU=MS,OU=Sites,DC=ad,DC=example,DC=edu","25311029"
"3","Sibyl","Smith","Shour1970","Piegu6cai","OU=Staff,OU=Users,OU=BES,OU=ES,OU=Sites,DC=ad,DC=example,DC=edu","38842786"
"4","Benjamin","Holt","Forgartan","seiK7roh0xi","OU=Staff,OU=Users,OU=CHS,OU=HS,OU=Sites,DC=ad,DC=example,DC=edu","52377290"
"5","James","Miranda","Thimeftes","Nahn3log","OU=Staff,OU=Users,OU=BHS,OU=HS,OU=Sites,DC=ad,DC=example,DC=edu","65914551"
"6","John","Brown","Thencerest","kuePeen0g","OU=Staff,OU=Users,OU=CES,OU=ES,OU=Sites,DC=ad,DC=example,DC=edu","79446297"
"7","Paul","Graham","Seect1960","Cha2ohjiw9a","OU=Staff,OU=Users,OU=AHS,OU=HS,OU=Sites,DC=ad,DC=example,DC=edu","92980800"
"8","Jamie","Allen","Soombeark1964","Reeth8eiphoo","OU=Staff,OU=Users,OU=CO,OU=Sites,DC=ad,DC=example,DC=edu","16515315"
"9","Marisha","Devane","Alateve","wah1Aizai","OU=Staff,OU=Users,OU=CMS,OU=MS,OU=Sites,DC=ad,DC=example,DC=edu","30052565"
"10","Lisa","Scott","Difended","Aingie2i","OU=Staff,OU=Users,OU=CMS,OU=MS,OU=Sites,DC=ad,DC=example,DC=edu","43584322"
"11","Evie","Moore","Yorsens","thaeThuu9ao","OU=Staff,OU=Users,OU=BMS,OU=MS,OU=Sites,DC=ad,DC=example,DC=edu","56415712"
"12","William","Smith","Drecoughter","Eo1Quoo1Oh","OU=Staff,OU=Users,OU=BHS,OU=HS,OU=Sites,DC=ad,DC=example,DC=edu","70653329"
"13","Amanda","Bonner","Bereuddece1981","bioshi9Oqu","OU=Staff,OU=Users,OU=BHS,OU=HS,OU=Sites,DC=ad,DC=example,DC=edu","84187833"
"14","Allen","Horn","Nested","Fa6ooMow","OU=Staff,OU=Users,OU=CO,OU=Sites,DC=ad,DC=example,DC=edu","97722336"
"15","Xuan","Robinson","Forgery","Iizoo7osh","OU=Staff,OU=Users,OU=BMS,OU=MS,OU=Sites,DC=ad,DC=example,DC=edu","20553726"
"16","Leslie","Farrington","Thilk1997","eigas8Pait","OU=Staff,OU=Users,OU=CES,OU=ES,OU=Sites,DC=ad,DC=example,DC=edu","34085483"
"17","Wade","Allen","Beestre","OX3xah3fohqu","OU=Staff,OU=Users,OU=CMS,OU=MS,OU=Sites,DC=ad,DC=example,DC=edu","48323112"
"18","Max","Bowen","Thearced","eamae9Sev","OU=Staff,OU=Users,OU=AES,OU=ES,OU=Sites,DC=ad,DC=example,DC=edu","61860362"
"19","Donald","Bell","Threecul","Xochie5goh","OU=Staff,OU=Users,OU=AES,OU=ES,OU=Sites,DC=ad,DC=example,DC=edu","74691740"
"20","Gregory","Vandegrift","Alearand","tesh7pee5Az","OU=Staff,OU=Users,OU=CMS,OU=MS,OU=Sites,DC=ad,DC=example,DC=edu","88223497"
"21","Dan","Williams","Doull1990","Que1runuyae","OU=Staff,OU=Users,OU=CMS,OU=MS,OU=Sites,DC=ad,DC=example,DC=edu","12461127"
"22","Marguerite","Riggins","Thempoess","ZaeT3Ee2fau","OU=Staff,OU=Users,OU=AMS,OU=MS,OU=Sites,DC=ad,DC=example,DC=edu","25998387"
"23","Lovie","Leslie","Shereds","eNg8jei3","OU=Staff,OU=Users,OU=CO,OU=Sites,DC=ad,DC=example,DC=edu","39530134"
"24","Brenda","Cline","Havoice","thuuga4Ah","OU=Staff,OU=Users,OU=CO,OU=Sites,DC=ad,DC=example,DC=edu","52361512"
"25","Philip","Miller","Randing","chaPhoo0oor8","OU=Staff,OU=Users,OU=AES,OU=ES,OU=Sites,DC=ad,DC=example,DC=edu","65896026"
"26","Deloris","Sprenger","Dier1978","thahb9RieQu","OU=Staff,OU=Users,OU=BES,OU=ES,OU=Sites,DC=ad,DC=example,DC=edu","80133655"
"27","Justin","Thorne","Excul1989","Da5oigi2sae","OU=Staff,OU=Users,OU=BMS,OU=MS,OU=Sites,DC=ad,DC=example,DC=edu","93668158"
"28","Tammy","Pena","Dayssiders83","Oapie9vo1sh","OU=Staff,OU=Users,OU=AHS,OU=HS,OU=Sites,DC=ad,DC=example,DC=edu","16499548"
"29","Philip","Searcy","Thadermly","Bah1the8Ae","OU=Staff,OU=Users,OU=CHS,OU=HS,OU=Sites,DC=ad,DC=example,DC=edu","30034041"
"30","Kenya","Stuart","Shumed","Oth3jooxoo2","OU=Staff,OU=Users,OU=CHS,OU=HS,OU=Sites,DC=ad,DC=example,DC=edu","43568544"
"31","Chester","Tasker","Befire1976","YaT9Oeyoo7v","OU=Staff,OU=Users,OU=BMS,OU=MS,OU=Sites,DC=ad,DC=example,DC=edu","57806173"
"32","Eileen","Holbrook","Sannie","OoBiquo0","OU=Staff,OU=Users,OU=AMS,OU=MS,OU=Sites,DC=ad,DC=example,DC=edu","70637562"
"33","Larry","Scroggins","Criful","nie5Gisoeg9","OU=Staff,OU=Users,OU=AES,OU=ES,OU=Sites,DC=ad,DC=example,DC=edu","84169319"
"34","Robert","Shea","Hingivend","fahc7iegooGh","OU=Staff,OU=Users,OU=CHS,OU=HS,OU=Sites,DC=ad,DC=example,DC=edu","97706569"
"35","Franklin","Potter","Ticiss1959","Uivai3koo","OU=Staff,OU=Users,OU=CMS,OU=MS,OU=Sites,DC=ad,DC=example,DC=edu","21944199"
"36","Anna","Carmichael","Hable1969","AngoL6kiCoi","OU=Staff,OU=Users,OU=AMS,OU=MS,OU=Sites,DC=ad,DC=example,DC=edu","34772830"
"37","Rebecca","Miller","Teling","Ribeich8","OU=Staff,OU=Users,OU=AMS,OU=MS,OU=Sites,DC=ad,DC=example,DC=edu","48307334"
"38","Rebecca","Foster","Sapeate","Kutuajei8","OU=Staff,OU=Users,OU=CES,OU=ES,OU=Sites,DC=ad,DC=example,DC=edu","61841837"
"39","Carl","Smith","Tivis1968","ahH3ait9sh","OU=Staff,OU=Users,OU=AHS,OU=HS,OU=Sites,DC=ad,DC=example,DC=edu","75379098"
"40","Marsha","Segrest","Beenessay","laRah3oox","OU=Staff,OU=Users,OU=BES,OU=ES,OU=Sites,DC=ad,DC=example,DC=edu","88910855"
"41","Karen","Hendricks","Rombass1958","aechae3OhSh","OU=Staff,OU=Users,OU=AES,OU=ES,OU=Sites,DC=ad,DC=example,DC=edu","12445349"
"42","Victor","Wright","Aguacce","ahceeBie5e","OU=Staff,OU=Users,OU=AMS,OU=MS,OU=Sites,DC=ad,DC=example,DC=edu","25979863"
"43","Raul","Benn","Shimblefus","aebei8AiCu","OU=Staff,OU=Users,OU=CES,OU=ES,OU=Sites,DC=ad,DC=example,DC=edu","39514366"
"44","Tammi","Johnson","Suptiele","Reevioch5e","OU=Staff,OU=Users,OU=BHS,OU=HS,OU=Sites,DC=ad,DC=example,DC=edu","52345745"
"45","Jesus","John","Hatty1964","aeTasao3w","OU=Staff,OU=Users,OU=AES,OU=ES,OU=Sites,DC=ad,DC=example,DC=edu","66583384"
"46","Craig","Palmer","Diater","Ahy5Ezahnae8","OU=Staff,OU=Users,OU=BES,OU=ES,OU=Sites,DC=ad,DC=example,DC=edu","80115141"
"47","James","Lindquist","Bachim","daeheeFae0","OU=Staff,OU=Users,OU=BES,OU=ES,OU=Sites,DC=ad,DC=example,DC=edu","93652380"
"48","Cynthia","Reynolds","Thandeant89","XieCaeb2AX","OU=Staff,OU=Users,OU=AHS,OU=HS,OU=Sites,DC=ad,DC=example,DC=edu","16483760"
"49","Kristin","Fisher","Annold","aF1goorai0g","OU=Staff,OU=Users,OU=BMS,OU=MS,OU=Sites,DC=ad,DC=example,DC=edu","30721399"
"50","Kenneth","Jenkins","Heirle","ou9johWu","OU=Staff,OU=Users,OU=BES,OU=ES,OU=Sites,DC=ad,DC=example,DC=edu","44253156"
"51","Bryan","Carney","Anis1962","iex3Eosee","OU=Staff,OU=Users,OU=AHS,OU=HS,OU=Sites,DC=ad,DC=example,DC=edu","57790406"
"52","Laci","Coleman","Difters1987","acaiVoopoz3","OU=Staff,OU=Users,OU=AHS,OU=HS,OU=Sites,DC=ad,DC=example,DC=edu","70621795"
"53","Levi","Burks","Halle1971","Fohheej7","OU=Staff,OU=Users,OU=BMS,OU=MS,OU=Sites,DC=ad,DC=example,DC=edu","84153541"
"54","Randy","Wills","Comys1979","hoo3eeTothe","OU=Staff,OU=Users,OU=CMS,OU=MS,OU=Sites,DC=ad,DC=example,DC=edu","98391170"
"55","Tricia","Guerrero","Theabim","hain8ahCh","OU=Staff,OU=Users,OU=CO,OU=Sites,DC=ad,DC=example,DC=edu","21925674"
"56","Cory","Huntington","Flarme","UoHee4sh","OU=Staff,OU=Users,OU=CHS,OU=HS,OU=Sites,DC=ad,DC=example,DC=edu","34757063"
"57","Sade","Beveridge","Dregat","aCh5aeDoo0u","OU=Staff,OU=Users,OU=AES,OU=ES,OU=Sites,DC=ad,DC=example,DC=edu","48291567"
"58","Edward","Nelson","Therinchis","zi0peiChae","OU=Staff,OU=Users,OU=AMS,OU=MS,OU=Sites,DC=ad,DC=example,DC=edu","61826070"
"59","Matthew","Terrio","Bage1960","aePh8fieFoo","OU=Staff,OU=Users,OU=AES,OU=ES,OU=Sites,DC=ad,DC=example,DC=edu","76063699"
"60","Frances","Demby","Thenautist","uat0aiF7ohs","OU=Staff,OU=Users,OU=AES,OU=ES,OU=Sites,DC=ad,DC=example,DC=edu","88895077"
"61","Angel","Cadwallader","Humodys","oF1kair1xo","OU=Staff,OU=Users,OU=BHS,OU=HS,OU=Sites,DC=ad,DC=example,DC=edu","12429582"
"62","Danielle","Underwood","Dayse1958","Ahl4eet8ie","OU=Staff,OU=Users,OU=CMS,OU=MS,OU=Sites,DC=ad,DC=example,DC=edu","25964096"
"63","Frances","Carson","Weland1979","Sa2eviegh8e","OU=Staff,OU=Users,OU=CMS,OU=MS,OU=Sites,DC=ad,DC=example,DC=edu","40198978"
"64","Leona","Sanchez","Shoudered","ring7ajoV","OU=Staff,OU=Users,OU=AMS,OU=MS,OU=Sites,DC=ad,DC=example,DC=edu","53033103"
"65","Charlotte","Mares","Doner1971","gai0kaiP","OU=Staff,OU=Users,OU=BES,OU=ES,OU=Sites,DC=ad,DC=example,DC=edu","66567596"
"66","Michelle","Parks","Waind1961","kai5Ohz2Oh","OU=Staff,OU=Users,OU=BHS,OU=HS,OU=Sites,DC=ad,DC=example,DC=edu","80099363"
"67","Justin","Watkins","Duct1982","Reix6mei","OU=Staff,OU=Users,OU=BHS,OU=HS,OU=Sites,DC=ad,DC=example,DC=edu","93633867"
"68","Melinda","Guevara","Alted1982","Eegei1iaCu","OU=Staff,OU=Users,OU=CO,OU=Sites,DC=ad,DC=example,DC=edu","17171118"
"69","Roman","Singleton","Majess96","ezeef3Wai","OU=Staff,OU=Users,OU=AES,OU=ES,OU=Sites,DC=ad,DC=example,DC=edu","30702885"
"70","Perry","Teston","Upoopturt","Aenu6ohheCh","OU=Staff,OU=Users,OU=AMS,OU=MS,OU=Sites,DC=ad,DC=example,DC=edu","44237378"
"71","Willard","Vandorn","Durnity","eethahWee2i","OU=Staff,OU=Users,OU=BES,OU=ES,OU=Sites,DC=ad,DC=example,DC=edu","57771881"
"72","Rhonda","Ruby","Coultan","sohWo5iedoh","OU=Staff,OU=Users,OU=CES,OU=ES,OU=Sites,DC=ad,DC=example,DC=edu","70606007"
"73","Rosa","Bentley","Mamed1985","ephai7bi3Hah","OU=Staff,OU=Users,OU=BES,OU=ES,OU=Sites,DC=ad,DC=example,DC=edu","84840899"
"74","Guadalupe","Gonzales","Reassy","aiLieghae3sh","OU=Staff,OU=Users,OU=CMS,OU=MS,OU=Sites,DC=ad,DC=example,DC=edu","98375403"
"75","Betty","Foley","Clushare1997","eejieD7olu","OU=Staff,OU=Users,OU=BHS,OU=HS,OU=Sites,DC=ad,DC=example,DC=edu","21909907"
"76","Susan","Faucher","Thenothe","Cheihie5oh","OU=Staff,OU=Users,OU=AHS,OU=HS,OU=Sites,DC=ad,DC=example,DC=edu","34738539"
"77","Melissa","Gilmore","Neigne","Sho3sa0I","OU=Staff,OU=Users,OU=BES,OU=ES,OU=Sites,DC=ad,DC=example,DC=edu","48275789"
"78","Leonard","Thomas","Yousbariegs","vaec8Haejooth","OU=Staff,OU=Users,OU=CMS,OU=MS,OU=Sites,DC=ad,DC=example,DC=edu","62513417"
"79","Nathan","White","Nect1962","chahFoo4quai","OU=Staff,OU=Users,OU=BHS,OU=HS,OU=Sites,DC=ad,DC=example,DC=edu","76045174"
"80","Mark","Kelley","Yeartat","Engie9Re4Oa","OU=Staff,OU=Users,OU=BMS,OU=MS,OU=Sites,DC=ad,DC=example,DC=edu","88876564"
"81","Ruby","Harper","Liventintles","Cio6jees","OU=Staff,OU=Users,OU=CES,OU=ES,OU=Sites,DC=ad,DC=example,DC=edu","12413815"
"82","Jean","Elliott","Onsgived","eigheol6Ae","OU=Staff,OU=Users,OU=AMS,OU=MS,OU=Sites,DC=ad,DC=example,DC=edu","26651432"
"83","Angel","Spencer","Plaragnight","zae6eiTee","OU=Staff,OU=Users,OU=AES,OU=ES,OU=Sites,DC=ad,DC=example,DC=edu","40183200"
"84","Jamie","Garcia","Gairciand","eiroh4Kai1U","OU=Staff,OU=Users,OU=AMS,OU=MS,OU=Sites,DC=ad,DC=example,DC=edu","53014578"
"85","Melissa","Ewing","Monsond","Thae2aec","OU=Staff,OU=Users,OU=CMS,OU=MS,OU=Sites,DC=ad,DC=example,DC=edu","66551828"
"86","Virginia","Dickerson","Pabis1966","aiThov1uTh","OU=Staff,OU=Users,OU=BES,OU=ES,OU=Sites,DC=ad,DC=example,DC=edu","80083596"
"87","Danny","Frazer","Destoo","Ee1eQu1ga","OU=Staff,OU=Users,OU=AMS,OU=MS,OU=Sites,DC=ad,DC=example,DC=edu","94321225"
"88","Brandy","Gonzales","Lookeed61","juMeew4shie","OU=Staff,OU=Users,OU=AES,OU=ES,OU=Sites,DC=ad,DC=example,DC=edu","17152593"
"89","Vince","Boyd","Beffectrall","roh7Choh","OU=Staff,OU=Users,OU=CHS,OU=HS,OU=Sites,DC=ad,DC=example,DC=edu","30687097"
"90","Danny","Arrington","Agartudded63","iow0Ohnai","OU=Staff,OU=Users,OU=BES,OU=ES,OU=Sites,DC=ad,DC=example,DC=edu","44221611"
"91","Burton","Jackson","Difing","Chaem8saesh","OU=Staff,OU=Users,OU=AES,OU=ES,OU=Sites,DC=ad,DC=example,DC=edu","57756114"
"92","Angela","Austin","Tived1974","Xix8oonge","OU=Staff,OU=Users,OU=CHS,OU=HS,OU=Sites,DC=ad,DC=example,DC=edu","71290618"
"93","Gary","White","Dualar1992","se3zoa8uCh","OU=Staff,OU=Users,OU=BMS,OU=MS,OU=Sites,DC=ad,DC=example,DC=edu","84825132"
"94","Steven","King","Whation","engee6hiS","OU=Staff,OU=Users,OU=BHS,OU=HS,OU=Sites,DC=ad,DC=example,DC=edu","98359625"
"95","Karen","Tate","Antaked","AePuL8top","OU=Staff,OU=Users,OU=BHS,OU=HS,OU=Sites,DC=ad,DC=example,DC=edu","21894129"
"96","Harry","White","Harwort","AhNau8rah7ch","OU=Staff,OU=Users,OU=CHS,OU=HS,OU=Sites,DC=ad,DC=example,DC=edu","35425886"
"97","April","Malone","Weland","Eiqueig6","OU=Staff,OU=Users,OU=CHS,OU=HS,OU=Sites,DC=ad,DC=example,DC=edu","48960400"
"98","Elias","Reese","Onuarnand","ojoZa5vai","OU=Staff,OU=Users,OU=AHS,OU=HS,OU=Sites,DC=ad,DC=example,DC=edu","62497650"
"99","Clara","Espinal","Reftes1980","ohd0AiZae","OU=Staff,OU=Users,OU=AES,OU=ES,OU=Sites,DC=ad,DC=example,DC=edu","76029407"
"100","Mildred","Robey","Theapoes","eiph1Oom","OU=Staff,OU=Users,OU=CO,OU=Sites,DC=ad,DC=example,DC=edu","88860786"
"101","Angela","Harvey","Ancomp","air7Vieh","OU=Staff,OU=Users,OU=CO,OU=Sites,DC=ad,DC=example,DC=edu","13098415"
"102","Devin","Elder","Thants","ceHusha0AhTh","OU=Staff,OU=Users,OU=BMS,OU=MS,OU=Sites,DC=ad,DC=example,DC=edu","26635665"
"103","Kent","Vassallo","Nevolly","Aiz7OR9ie","OU=Staff,OU=Users,OU=BMS,OU=MS,OU=Sites,DC=ad,DC=example,DC=edu","40167433"
"104","Truman","Leech","Feativill","gohduv5ieT","OU=Staff,OU=Users,OU=AMS,OU=MS,OU=Sites,DC=ad,DC=example,DC=edu","52998811"
"105","Bill","Hosford","Woreirsis1996","Zei2uush","OU=Staff,OU=Users,OU=CES,OU=ES,OU=Sites,DC=ad,DC=example,DC=edu","66533315"
"106","Homer","Southerland","Uncerced","shoojahl7Ai","OU=Staff,OU=Users,OU=BES,OU=ES,OU=Sites,DC=ad,DC=example,DC=edu","80770933"
"107","Michael","Cumberland","Pausay","mah8iThai","OU=Staff,OU=Users,OU=CHS,OU=HS,OU=Sites,DC=ad,DC=example,DC=edu","94305447"
"108","Paul","King","Spingired1975","Ahd3ool7Iof","OU=Staff,OU=Users,OU=BES,OU=ES,OU=Sites,DC=ad,DC=example,DC=edu","17136826"
"109","Connie","Carter","Moll1977","ueb8Niekei","OU=Staff,OU=Users,OU=CO,OU=Sites,DC=ad,DC=example,DC=edu","30668583"
"110","Chris","Gish","Beenst","ooWeNgeiy5","OU=Staff,OU=Users,OU=CO,OU=Sites,DC=ad,DC=example,DC=edu","44908969"
"111","Richard","Chandler","Peaces","Ahx8eipae","OU=Staff,OU=Users,OU=CHS,OU=HS,OU=Sites,DC=ad,DC=example,DC=edu","58443472"
"112","Ryan","Vandyke","Wiffeatrout","gijufeeP0","OU=Staff,OU=Users,OU=AES,OU=ES,OU=Sites,DC=ad,DC=example,DC=edu","71274840"
"113","Karena","Pemberton","Congavoke1970","eeG7doh0Me","OU=Staff,OU=Users,OU=CHS,OU=HS,OU=Sites,DC=ad,DC=example,DC=edu","84806597"
"114","Amanda","Daniels","Litill1980","aD6IfoX3eij","OU=Staff,OU=Users,OU=CMS,OU=MS,OU=Sites,DC=ad,DC=example,DC=edu","98341111"
"115","Arnita","Solano","Thowenty","aeJaep4u","OU=Staff,OU=Users,OU=BES,OU=ES,OU=Sites,DC=ad,DC=example,DC=edu","22581487"
"116","John","Culp","Foolity","ieVee3geeXu","OU=Staff,OU=Users,OU=BES,OU=ES,OU=Sites,DC=ad,DC=example,DC=edu","35410119"
"117","Dave","Spann","Impeartale","Aiviarae7iT","OU=Staff,OU=Users,OU=AMS,OU=MS,OU=Sites,DC=ad,DC=example,DC=edu","48944633"
"119","Margie","Young","Theii1995","Mie1iiph4ooF","OU=Staff,OU=Users,OU=CMS,OU=MS,OU=Sites,DC=ad,DC=example,DC=edu","76013629"
"120","Michael","Ramsey","Paide1961","doo1eiVahh2","OU=Staff,OU=Users,OU=BES,OU=ES,OU=Sites,DC=ad,DC=example,DC=edu","89548144"
"121","Robert","Booker","Hisolinsts1961","eicaiB0oeyee","OU=Staff,OU=Users,OU=BES,OU=ES,OU=Sites,DC=ad,DC=example,DC=edu","13082648"
"122","Beth","Porter","Pecamed","oG7uy2aush","OU=Staff,OU=Users,OU=AMS,OU=MS,OU=Sites,DC=ad,DC=example,DC=edu","26617151"
"123","Robert","Richardson","Greped","paefein6Ki","OU=Staff,OU=Users,OU=CHS,OU=HS,OU=Sites,DC=ad,DC=example,DC=edu","40151644"
"124","Bradley","Pierce","Unifect","tahfiwaiPh9m","OU=Staff,OU=Users,OU=CO,OU=Sites,DC=ad,DC=example,DC=edu","53686158"
"125","Woodrow","Tejeda","Slith1978","mah3Ae4doo","OU=Staff,OU=Users,OU=BES,OU=ES,OU=Sites,DC=ad,DC=example,DC=edu","67220662"
"126","Kevin","Gerken","Woun1968","iebiewoe5Lee","OU=Staff,OU=Users,OU=CHS,OU=HS,OU=Sites,DC=ad,DC=example,DC=edu","80752419"
"127","Kevin","Jones","Twords","Ge6aithisae","OU=Staff,OU=Users,OU=AMS,OU=MS,OU=Sites,DC=ad,DC=example,DC=edu","94289680"
"128","John","Batts","Thater","shiez4Wai","OU=Staff,OU=Users,OU=BMS,OU=MS,OU=Sites,DC=ad,DC=example,DC=edu","17121059"
"129","Wendy","Gonzalez","Thary1979","rooNg8rao","OU=Staff,OU=Users,OU=CO,OU=Sites,DC=ad,DC=example,DC=edu","31355930"
"130","Paula","Tharp","Lormeaving1961","deiB9TahP","OU=Staff,OU=Users,OU=AES,OU=ES,OU=Sites,DC=ad,DC=example,DC=edu","44890434"
"131","Steven","Coates","Dreme1979","MohphoJ3ail","OU=Staff,OU=Users,OU=BES,OU=ES,OU=Sites,DC=ad,DC=example,DC=edu","58427694"
"132","John","Kirkland","Alletwonesed","aiGhaiC5","OU=Staff,OU=Users,OU=CHS,OU=HS,OU=Sites,DC=ad,DC=example,DC=edu","71259073"
"133","Frank","Blanton","Bargeres","aoghai5Iesh","OU=Staff,OU=Users,OU=CO,OU=Sites,DC=ad,DC=example,DC=edu","84790830"
"134","Forrest","Duty","Reares1979","Ad8cieQuie","OU=Staff,OU=Users,OU=BES,OU=ES,OU=Sites,DC=ad,DC=example,DC=edu","99028469"
"135","Thomas","Shirley","Greleige","Oo8Shui2","OU=Staff,OU=Users,OU=AMS,OU=MS,OU=Sites,DC=ad,DC=example,DC=edu","22562963"
"136","Rosalie","Clark","Youldiz","lohv2Eu3c","OU=Staff,OU=Users,OU=AMS,OU=MS,OU=Sites,DC=ad,DC=example,DC=edu","35394341"
"137","Daniel","Seguin","Sumen1986","IeK9riw9","OU=Staff,OU=Users,OU=AES,OU=ES,OU=Sites,DC=ad,DC=example,DC=edu","48928855"
"138","Francis","Caudill","Shapithe","nah9fiey4Ei","OU=Staff,OU=Users,OU=BHS,OU=HS,OU=Sites,DC=ad,DC=example,DC=edu","63166484"
"139","Ruth","Eilers","Awking","Ooqu2jiegh","OU=Staff,OU=Users,OU=BHS,OU=HS,OU=Sites,DC=ad,DC=example,DC=edu","76698241"
"140","Joshua","Batista","Felount95","XeLahs2aen","OU=Staff,OU=Users,OU=CMS,OU=MS,OU=Sites,DC=ad,DC=example,DC=edu","89532366"
"141","Ethel","Brown","Rove2000","Phei5ooh2ph","OU=Staff,OU=Users,OU=AHS,OU=HS,OU=Sites,DC=ad,DC=example,DC=edu","13066870"
"142","Leanora","Boos","Thilk1959","Au4aenoh","OU=Staff,OU=Users,OU=AES,OU=ES,OU=Sites,DC=ad,DC=example,DC=edu","26601374"
"143","Maria","Wallace","Hisquam","zei8ieh1Waa","OU=Staff,OU=Users,OU=BMS,OU=MS,OU=Sites,DC=ad,DC=example,DC=edu","40836256"
"144","Terresa","Santiago","Yousagannot","eitie8Ie","OU=Staff,OU=Users,OU=AES,OU=ES,OU=Sites,DC=ad,DC=example,DC=edu","53670391"
"145","Silvia","McRoy","Stentor69","Eel4ien4","OU=Staff,OU=Users,OU=BES,OU=ES,OU=Sites,DC=ad,DC=example,DC=edu","67204895"
"146","Brian","Fujii","Wituractle","oaxieJ0weiX","OU=Staff,OU=Users,OU=CO,OU=Sites,DC=ad,DC=example,DC=edu","80736652"
"147","Maria","Francis","Straboy","mim0Di8With","OU=Staff,OU=Users,OU=BMS,OU=MS,OU=Sites,DC=ad,DC=example,DC=edu","94271144"
"148","David","Gardiner","Timet1961","aepae7OoGho","OU=Staff,OU=Users,OU=AES,OU=ES,OU=Sites,DC=ad,DC=example,DC=edu","17808406"
"149","Sandra","Strong","Harind","vu2Iecheiz","OU=Staff,OU=Users,OU=BES,OU=ES,OU=Sites,DC=ad,DC=example,DC=edu","31340163"
"150","Justin","Williams","Cordelf","afeiW0ahng","OU=Staff,OU=Users,OU=AHS,OU=HS,OU=Sites,DC=ad,DC=example,DC=edu","44874667"
"151","Rodney","Bell","Simand","ai4Cei6i","OU=Staff,OU=Users,OU=CMS,OU=MS,OU=Sites,DC=ad,DC=example,DC=edu","58409181"
"152","Brenda","Doss","Nespubbly","eequ3Sichoh4M","OU=Staff,OU=Users,OU=BMS,OU=MS,OU=Sites,DC=ad,DC=example,DC=edu","71943684"
"153","Jade","Bower","Bowas1967","le1ohfoh5Ah","OU=Staff,OU=Users,OU=CES,OU=ES,OU=Sites,DC=ad,DC=example,DC=edu","85478177"
"154","Kari","Scarborough","Wrife1966","suchi6eHee","OU=Staff,OU=Users,OU=AMS,OU=MS,OU=Sites,DC=ad,DC=example,DC=edu","99012691"
"155","Charise","Anderson","Poldned","xae7Rae9ei","OU=Staff,OU=Users,OU=BHS,OU=HS,OU=Sites,DC=ad,DC=example,DC=edu","22547196"
"156","Robert","Paradis","Dedand","eewiep9useiB","OU=Staff,OU=Users,OU=AHS,OU=HS,OU=Sites,DC=ad,DC=example,DC=edu","35375828"
"157","Ophelia","Donnell","Weved1966","wei3Quahoo3","OU=Staff,OU=Users,OU=CMS,OU=MS,OU=Sites,DC=ad,DC=example,DC=edu","49616203"
"158","Doris","Alford","Anal1964","aij1vooMoh","OU=Staff,OU=Users,OU=BHS,OU=HS,OU=Sites,DC=ad,DC=example,DC=edu","63150717"
"159","Julie","Curran","Yonion60","Iegh5wahchu","OU=Staff,OU=Users,OU=AES,OU=ES,OU=Sites,DC=ad,DC=example,DC=edu","76682463"
"160","Amanda","Johnson","Dings1987","ic4bi7ku9A","OU=Staff,OU=Users,OU=AES,OU=ES,OU=Sites,DC=ad,DC=example,DC=edu","89513841"
"161","Mary","Bowen","Whinkent","chuPee7Foo2I","OU=Staff,OU=Users,OU=CMS,OU=MS,OU=Sites,DC=ad,DC=example,DC=edu","13051103"
"162","Terry","Winn","Knespied","Ubaud6ai","OU=Staff,OU=Users,OU=CES,OU=ES,OU=Sites,DC=ad,DC=example,DC=edu","27288732"
"163","Trevor","Mayfield","Unget1984","Kuhoh6Eeshe","OU=Staff,OU=Users,OU=CES,OU=ES,OU=Sites,DC=ad,DC=example,DC=edu","40820488"
"164","John","Barrientos","Shissing","eeshud2O","OU=Staff,OU=Users,OU=CHS,OU=HS,OU=Sites,DC=ad,DC=example,DC=edu","53651867"
"165","Sarah","Zamora","Alts1981","oV7aruokoo","OU=Staff,OU=Users,OU=CO,OU=Sites,DC=ad,DC=example,DC=edu","67189117"
"166","Kristen","Davis","Toont1995","AcieThai9lai","OU=Staff,OU=Users,OU=AES,OU=ES,OU=Sites,DC=ad,DC=example,DC=edu","80720874"
"167","Teresa","Barnes","Tharrife","Ohchoochoo9","OU=Staff,OU=Users,OU=CMS,OU=MS,OU=Sites,DC=ad,DC=example,DC=edu","94958502"
"168","Matthew","Maddox","Wrourner","Aes0ieroa0ko5","OU=Staff,OU=Users,OU=CES,OU=ES,OU=Sites,DC=ad,DC=example,DC=edu","17789893"
"169","Agustina","Burnside","Befordents1979","vi3em9Chee","OU=Staff,OU=Users,OU=AES,OU=ES,OU=Sites,DC=ad,DC=example,DC=edu","31324396"
"170","James","Mosher","Wasibint","ohreiR1fae","OU=Staff,OU=Users,OU=AMS,OU=MS,OU=Sites,DC=ad,DC=example,DC=edu","44858889"
"171","Mark","Pellerin","Docconat1983","hah0AeGheiT","OU=Staff,OU=Users,OU=CO,OU=Sites,DC=ad,DC=example,DC=edu","59096517"
"172","Timothy","Martins","Fachather","Cah0iez3Sho1","OU=Staff,OU=Users,OU=CHS,OU=HS,OU=Sites,DC=ad,DC=example,DC=edu","71925160"
"173","Michael","Gravely","Ableave75","paeCa7oosei","OU=Staff,OU=Users,OU=CHS,OU=HS,OU=Sites,DC=ad,DC=example,DC=edu","85459663"
"174","Jack","Macias","Evely1991","aer4neya8Hae","OU=Staff,OU=Users,OU=AMS,OU=MS,OU=Sites,DC=ad,DC=example,DC=edu","98996913"
"175","Sandra","Jones","Morects","rahRinei0Ai","OU=Staff,OU=Users,OU=CES,OU=ES,OU=Sites,DC=ad,DC=example,DC=edu","22531428"
"176","Scott","Floyd","Tainest","Air6ash9Thoo","OU=Staff,OU=Users,OU=BMS,OU=MS,OU=Sites,DC=ad,DC=example,DC=edu","36063175"
"177","Margaret","Campbell","Ower1980","ahB9xahbae","OU=Staff,OU=Users,OU=AES,OU=ES,OU=Sites,DC=ad,DC=example,DC=edu","49597678"
"178","Douglas","Lopez","Anighbold1970","OhrahQu6Jai","OU=Staff,OU=Users,OU=AMS,OU=MS,OU=Sites,DC=ad,DC=example,DC=edu","63134939"
"179","Douglas","Shannon","Ravaid","TesaiK0ph","OU=Staff,OU=Users,OU=CMS,OU=MS,OU=Sites,DC=ad,DC=example,DC=edu","76666696"
"180","Jacquelyn","Canfield","Thilethe1977","Ieka7ceaTh3","OU=Staff,OU=Users,OU=BHS,OU=HS,OU=Sites,DC=ad,DC=example,DC=edu","89498074"
"181","Martha","Cannon","Geoll1996","ohpe7xaiQuo","OU=Staff,OU=Users,OU=CO,OU=Sites,DC=ad,DC=example,DC=edu","13735704"
"182","Andrew","Taylor","Dider1992","UshiiR0O","OU=Staff,OU=Users,OU=CMS,OU=MS,OU=Sites,DC=ad,DC=example,DC=edu","27270207"
"183","Elizabeth","Veasey","Misibromes","wi0Eo7see","OU=Staff,OU=Users,OU=AHS,OU=HS,OU=Sites,DC=ad,DC=example,DC=edu","40804711"
"184","Steven","Morrison","Histeland","Eo2oosh1gie","OU=Staff,OU=Users,OU=AHS,OU=HS,OU=Sites,DC=ad,DC=example,DC=edu","53636089"
"185","Maggie","Cherry","Buitive","Ke9boo2Qu","OU=Staff,OU=Users,OU=CES,OU=ES,OU=Sites,DC=ad,DC=example,DC=edu","67873728"
"186","Agnes","Russell","Vimme1956","boocaN8n","OU=Staff,OU=Users,OU=AMS,OU=MS,OU=Sites,DC=ad,DC=example,DC=edu","81408232"
"187","Christopher","Plumb","Thez1966","iew4Taax6","OU=Staff,OU=Users,OU=AES,OU=ES,OU=Sites,DC=ad,DC=example,DC=edu","94942735"
"188","William","Owens","Smadving","Eitohgh0","OU=Staff,OU=Users,OU=CO,OU=Sites,DC=ad,DC=example,DC=edu","17774104"
"189","Richard","Martinez","Gnio1967","iexae3In","OU=Staff,OU=Users,OU=BMS,OU=MS,OU=Sites,DC=ad,DC=example,DC=edu","31305872"
"190","Lori","Kimbrough","Outtlen","Vaivee1aeb","OU=Staff,OU=Users,OU=BES,OU=ES,OU=Sites,DC=ad,DC=example,DC=edu","45546247"
"191","Shad","Blanche","C??say","GeuFai3jei","OU=Staff,OU=Users,OU=AMS,OU=MS,OU=Sites,DC=ad,DC=example,DC=edu","59080750"
"192","Soila","Ballard","Sament","chaev7uPeeb","OU=Staff,OU=Users,OU=AMS,OU=MS,OU=Sites,DC=ad,DC=example,DC=edu","71909393"
"193","Brandon","Legrand","Pubjewer","vaiF3ohx3ae","OU=Staff,OU=Users,OU=BMS,OU=MS,OU=Sites,DC=ad,DC=example,DC=edu","85443896"
"194","Janice","Miller","Prattaking","isei6kaiG3A","OU=Staff,OU=Users,OU=CHS,OU=HS,OU=Sites,DC=ad,DC=example,DC=edu","98978389"
"195","James","Jacoby","Cestruch1976","ohhie9Ieyae","OU=Staff,OU=Users,OU=AES,OU=ES,OU=Sites,DC=ad,DC=example,DC=edu","23218776"
"196","Michael","Barkley","Dencest84","naih1Miu2","OU=Staff,OU=Users,OU=BES,OU=ES,OU=Sites,DC=ad,DC=example,DC=edu","36047408"
"197","Laverne","Colman","Honte1971","iezeishae6V","OU=Staff,OU=Users,OU=CMS,OU=MS,OU=Sites,DC=ad,DC=example,DC=edu","49581911"
"198","Everett","Allison","Thearmake86","doocoo5Oo","OU=Staff,OU=Users,OU=BES,OU=ES,OU=Sites,DC=ad,DC=example,DC=edu","63116415"
"199","Dennis","Kimble","Thavier","Vai0shuJoth","OU=Staff,OU=Users,OU=CHS,OU=HS,OU=Sites,DC=ad,DC=example,DC=edu","77354054"
"200","Dorothy","Jackson","Enditarray1990","Eic2nohx1aiH","OU=Staff,OU=Users,OU=BHS,OU=HS,OU=Sites,DC=ad,DC=example,DC=edu","90185421"
"201","Marianne","Watlington","Askins1979","kaeram5Cu","OU=Staff,OU=Users,OU=BHS,OU=HS,OU=Sites,DC=ad,DC=example,DC=edu","13719926"
"202","Burl","Haywood","Whisner","oop5aiZee","OU=Staff,OU=Users,OU=AHS,OU=HS,OU=Sites,DC=ad,DC=example,DC=edu","27251693"
"203","Sandra","Beckwith","Thenthen","Mua4Ohveime","OU=Staff,OU=Users,OU=BES,OU=ES,OU=Sites,DC=ad,DC=example,DC=edu","40788944"
"204","David","Cubbage","Mospe1993","de6Uohoi","OU=Staff,OU=Users,OU=BHS,OU=HS,OU=Sites,DC=ad,DC=example,DC=edu","54323447"
"205","Jennifer","Stribling","Riewhicur","fies2Phei","OU=Staff,OU=Users,OU=BMS,OU=MS,OU=Sites,DC=ad,DC=example,DC=edu","67857950"
"206","Bertha","Wiggins","Dameapardly80","vo5eim0aiK6","OU=Staff,OU=Users,OU=CO,OU=Sites,DC=ad,DC=example,DC=edu","81389707"
"207","Sandra","Nichols","Butrarstabor","Eixosh9b","OU=Staff,OU=Users,OU=CHS,OU=HS,OU=Sites,DC=ad,DC=example,DC=edu","94926957"
"208","Garret","Lewis","Youghbould71","nae1riC1oh","OU=Staff,OU=Users,OU=BMS,OU=MS,OU=Sites,DC=ad,DC=example,DC=edu","17758337"
"209","Mary","Medeiros","Penig1986","Aewoo3lie2","OU=Staff,OU=Users,OU=CMS,OU=MS,OU=Sites,DC=ad,DC=example,DC=edu","31993229"
"210","Bradley","Henderson","Exameste","eejee1Fa6th","OU=Staff,OU=Users,OU=BMS,OU=MS,OU=Sites,DC=ad,DC=example,DC=edu","45527733"
"211","Phil","Hyde","Baccomithe","Eeheih4Ue","OU=Staff,OU=Users,OU=BHS,OU=HS,OU=Sites,DC=ad,DC=example,DC=edu","59062236"
"212","Doris","Juhasz","Happone78","riejoo6aeVie","OU=Staff,OU=Users,OU=AMS,OU=MS,OU=Sites,DC=ad,DC=example,DC=edu","71893615"
"213","Gloria","Norris","Winiter","ahyah4ahZ","OU=Staff,OU=Users,OU=AHS,OU=HS,OU=Sites,DC=ad,DC=example,DC=edu","86131243"
"214","Gladys","Franqui","Peren2000","oos3quum3Z","OU=Staff,OU=Users,OU=AHS,OU=HS,OU=Sites,DC=ad,DC=example,DC=edu","99665747"
"215","Aubrey","Horton","Frobeither","koh2Chaegh","OU=Staff,OU=Users,OU=BMS,OU=MS,OU=Sites,DC=ad,DC=example,DC=edu","23200251"
"216","Gregory","Leos","Canetur","laZ2ootoh","OU=Staff,OU=Users,OU=BMS,OU=MS,OU=Sites,DC=ad,DC=example,DC=edu","36031640"
"217","Jane","Brooks","Pausay1992","xae4aiyohZ","OU=Staff,OU=Users,OU=CMS,OU=MS,OU=Sites,DC=ad,DC=example,DC=edu","49566144"
"218","Pamela","Soto","Butemot","chiuC7eiy5","OU=Staff,OU=Users,OU=CHS,OU=HS,OU=Sites,DC=ad,DC=example,DC=edu","63803762"
"219","Deborah","Moody","Thate1963","oor6Iesai","OU=Staff,OU=Users,OU=CES,OU=ES,OU=Sites,DC=ad,DC=example,DC=edu","77335529"
"220","Elizabeth","Jones","Plent1990","Paik5av1Ae","OU=Staff,OU=Users,OU=CMS,OU=MS,OU=Sites,DC=ad,DC=example,DC=edu","90169654"
"221","Margaret","Sullivan","Babsizarly","mahfoChooK0","OU=Staff,OU=Users,OU=BHS,OU=HS,OU=Sites,DC=ad,DC=example,DC=edu","13704159"
"222","Lisa","Lewis","Youshered","ao8Iudaiph2","OU=Staff,OU=Users,OU=AMS,OU=MS,OU=Sites,DC=ad,DC=example,DC=edu","27235916"
"223","Benny","Glover","Thicho","oa6Sheeng","OU=Staff,OU=Users,OU=BMS,OU=MS,OU=Sites,DC=ad,DC=example,DC=edu","41473544"
"224","Keith","Petty","Shein1981","zieW0AeN3Ah","OU=Staff,OU=Users,OU=AHS,OU=HS,OU=Sites,DC=ad,DC=example,DC=edu","54307669"
"225","Vanessa","Heston","Toonde1961","seJ6phui9ah","OU=Staff,OU=Users,OU=BES,OU=ES,OU=Sites,DC=ad,DC=example,DC=edu","67842173"
"226","Alana","Romero","Invic1993","dileSh8Hah","OU=Staff,OU=Users,OU=CES,OU=ES,OU=Sites,DC=ad,DC=example,DC=edu","81373940"
"227","David","Piedra","Gras1984","ah2quae2V","OU=Staff,OU=Users,OU=AHS,OU=HS,OU=Sites,DC=ad,DC=example,DC=edu","95611569"
"228","Marcela","Dills","Onve1992","xiej2rai7Lah","OU=Staff,OU=Users,OU=AHS,OU=HS,OU=Sites,DC=ad,DC=example,DC=edu","18445695"
"229","Maria","Johnson","Tharmen","Omae9phee","OU=Staff,OU=Users,OU=CMS,OU=MS,OU=Sites,DC=ad,DC=example,DC=edu","31977452"
"230","Susan","Clark","Hishossithe76","ohsheil7Ch","OU=Staff,OU=Users,OU=BMS,OU=MS,OU=Sites,DC=ad,DC=example,DC=edu","45511955"
"231","Holly","Siewert","Sompan","ohT8luo6","OU=Staff,OU=Users,OU=CES,OU=ES,OU=Sites,DC=ad,DC=example,DC=edu","59046459"
"232","George","Rossi","Complatict","uTeic8oh","OU=Staff,OU=Users,OU=BES,OU=ES,OU=Sites,DC=ad,DC=example,DC=edu","72578215"
"233","Marian","Horn","Dualar1992","Se9cahngae","OU=Staff,OU=Users,OU=CO,OU=Sites,DC=ad,DC=example,DC=edu","86115476"
"234","Danny","Davis","Lawas1986","zahF8eo1Eegh","OU=Staff,OU=Users,OU=BHS,OU=HS,OU=Sites,DC=ad,DC=example,DC=edu","99649980"
"235","Norma","Rodrigues","Baboarelike","Ij5EeShe","OU=Staff,OU=Users,OU=CES,OU=ES,OU=Sites,DC=ad,DC=example,DC=edu","23184473"
"236","Karen","Blythe","Suponlorhou","ok5Dae0chei","OU=Staff,OU=Users,OU=AHS,OU=HS,OU=Sites,DC=ad,DC=example,DC=edu","36716241"
"237","John","Ragsdale","Tilith","Ish8rio7coo","OU=Staff,OU=Users,OU=CES,OU=ES,OU=Sites,DC=ad,DC=example,DC=edu","50253491"
"238","Janet","Dickert","Haile1999","ohdaikeeZ7ai","OU=Staff,OU=Users,OU=AHS,OU=HS,OU=Sites,DC=ad,DC=example,DC=edu","63787995"
"239","Donald","Behrens","Deery1993","waebakah3Ei","OU=Staff,OU=Users,OU=CHS,OU=HS,OU=Sites,DC=ad,DC=example,DC=edu","77319751"
"240","Brad","Vinson","Rectudid","eeQu7nao","OU=Staff,OU=Users,OU=CHS,OU=HS,OU=Sites,DC=ad,DC=example,DC=edu","90854266"
"241","Peggy","Thompson","Whortiter64","aaWaing8i","OU=Staff,OU=Users,OU=AES,OU=ES,OU=Sites,DC=ad,DC=example,DC=edu","13688381"
"242","Gail","Williams","Portic","Shoh7chahr3","OU=Staff,OU=Users,OU=CO,OU=Sites,DC=ad,DC=example,DC=edu","27923263"
"243","John","Brown","Edeen1966","ohY8baesh","OU=Staff,OU=Users,OU=BHS,OU=HS,OU=Sites,DC=ad,DC=example,DC=edu","41457777"
"244","Lucy","Crist","Youltaithe","Ail5heih8u","OU=Staff,OU=Users,OU=BES,OU=ES,OU=Sites,DC=ad,DC=example,DC=edu","54992281"
"245","Coral","Burt","Conet1957","eiSheej4g","OU=Staff,OU=Users,OU=AMS,OU=MS,OU=Sites,DC=ad,DC=example,DC=edu","67826406"
"246","Leona","Smith","Royague","chieB3vu","OU=Staff,OU=Users,OU=CMS,OU=MS,OU=Sites,DC=ad,DC=example,DC=edu","82061287"
"247","Robert","Walton","Spass1973","Fu3ohphes7","OU=Staff,OU=Users,OU=AES,OU=ES,OU=Sites,DC=ad,DC=example,DC=edu","95595791"
"248","Rita","Pickle","Withavercoad","Yie3iePh","OU=Staff,OU=Users,OU=AHS,OU=HS,OU=Sites,DC=ad,DC=example,DC=edu","19130295"
"249","Robert","Bova","Hused1989","eishoo9Xap","OU=Staff,OU=Users,OU=CES,OU=ES,OU=Sites,DC=ad,DC=example,DC=edu","31958927"
"250","Kenneth","Hardy","Sweeprive","oCe7Bi8soh1","OU=Staff,OU=Users,OU=AES,OU=ES,OU=Sites,DC=ad,DC=example,DC=edu","45496188"
"251","Marilyn","Tolentino","Togeres","exunequ5S","OU=Staff,OU=Users,OU=AES,OU=ES,OU=Sites,DC=ad,DC=example,DC=edu","59733817"
"252","Brian","Holmes","Aling1968","eehair6eiZah","OU=Staff,OU=Users,OU=CMS,OU=MS,OU=Sites,DC=ad,DC=example,DC=edu","73265573"
"253","Wanda","Bryan","Thisought","De7duo1ee","OU=Staff,OU=Users,OU=BES,OU=ES,OU=Sites,DC=ad,DC=example,DC=edu","86096952"
"255","Ronald","White","Holkisathe","feiqu0IeNg","OU=Staff,OU=Users,OU=CHS,OU=HS,OU=Sites,DC=ad,DC=example,DC=edu","23168706"
"256","Teresa","Diener","Comening","boPh4thee","OU=Staff,OU=Users,OU=CHS,OU=HS,OU=Sites,DC=ad,DC=example,DC=edu","37403588"
"257","Max","Escudero","Wiltionew","Iech1aeHo6","OU=Staff,OU=Users,OU=CO,OU=Sites,DC=ad,DC=example,DC=edu","50234977"
"258","Ramon","Anderson","Rupot1968","ub2aiW5Phoo","OU=Staff,OU=Users,OU=CHS,OU=HS,OU=Sites,DC=ad,DC=example,DC=edu","63772227"
"259","Leon","Jordan","Reak1986","iec5Ieghiegh","OU=Staff,OU=Users,OU=BHS,OU=HS,OU=Sites,DC=ad,DC=example,DC=edu","77303974"
"260","Brian","Glover","Banstal","tai5keKiKee","OU=Staff,OU=Users,OU=BMS,OU=MS,OU=Sites,DC=ad,DC=example,DC=edu","91541613"
"261","Amy","Randolph","Thory1963","jaxe2ooX","OU=Staff,OU=Users,OU=BHS,OU=HS,OU=Sites,DC=ad,DC=example,DC=edu","14372992"
"262","Sean","Leblanc","Losenaloo1973","eaHut5uy3ch","OU=Staff,OU=Users,OU=BMS,OU=MS,OU=Sites,DC=ad,DC=example,DC=edu","27907496"
"263","Earl","Palos","Evid1973","iu3Choe6ah","OU=Staff,OU=Users,OU=CMS,OU=MS,OU=Sites,DC=ad,DC=example,DC=edu","41441999"
"264","Margaret","Currie","Morting","zeiZih1ie","OU=Staff,OU=Users,OU=AHS,OU=HS,OU=Sites,DC=ad,DC=example,DC=edu","54976513"
"265","Sheila","Cowgill","Cepearre","oXei8heenoh","OU=Staff,OU=Users,OU=CMS,OU=MS,OU=Sites,DC=ad,DC=example,DC=edu","68508260"
"266","Lee","Kistner","Edereets","ahLo5Ojee","OU=Staff,OU=Users,OU=BHS,OU=HS,OU=Sites,DC=ad,DC=example,DC=edu","82045510"
"267","Marilyn","Rowe","Housen","OhG5Me1ees","OU=Staff,OU=Users,OU=CHS,OU=HS,OU=Sites,DC=ad,DC=example,DC=edu","95580024"
"268","Barbara","Parker","Brong1957","viex1aig9Hai","OU=Staff,OU=Users,OU=CES,OU=ES,OU=Sites,DC=ad,DC=example,DC=edu","19114528"
"269","Dave","Caldwell","Forneve","Shie1the","OU=Staff,OU=Users,OU=CO,OU=Sites,DC=ad,DC=example,DC=edu","31943160"
"270","Nancy","Leake","Tunt1960","Iath0jeng","OU=Staff,OU=Users,OU=CHS,OU=HS,OU=Sites,DC=ad,DC=example,DC=edu","46180789"
"271","Daniel","Adams","Gled1966","ieQuooj1oh","OU=Staff,OU=Users,OU=BHS,OU=HS,OU=Sites,DC=ad,DC=example,DC=edu","59718039"
"272","Donald","Glenn","Afty1964","Yaetaer6sae","OU=Staff,OU=Users,OU=AHS,OU=HS,OU=Sites,DC=ad,DC=example,DC=edu","73249796"
"273","Rebecca","Gibbs","Comfordery","fe3ohWie2","OU=Staff,OU=Users,OU=AMS,OU=MS,OU=Sites,DC=ad,DC=example,DC=edu","86081174"
"274","Leopoldo","Martinez","Portalime95","maihiPu9enu","OU=Staff,OU=Users,OU=CES,OU=ES,OU=Sites,DC=ad,DC=example,DC=edu","10318814"
"275","Melinda","Graham","Wifuld","ooShu4ieh","OU=Staff,OU=Users,OU=BHS,OU=HS,OU=Sites,DC=ad,DC=example,DC=edu","23853318"
"276","Kristin","Hughes","Geoppince","AhHey7ichae","OU=Staff,OU=Users,OU=AES,OU=ES,OU=Sites,DC=ad,DC=example,DC=edu","37387810"
"277","Lisa","Duncan","Foolity","eek8Thaiyah","OU=Staff,OU=Users,OU=BMS,OU=MS,OU=Sites,DC=ad,DC=example,DC=edu","50219200"
"278","Paula","Blank","Owend1967","Feiso6eR","OU=Staff,OU=Users,OU=BMS,OU=MS,OU=Sites,DC=ad,DC=example,DC=edu","63753703"
"279","Carla","Lemay","Intich","Hoh3Eehax","OU=Staff,OU=Users,OU=AHS,OU=HS,OU=Sites,DC=ad,DC=example,DC=edu","77991332"
"280","Margaret","Garrett","Dras1989","ahC0phe9","OU=Staff,OU=Users,OU=CMS,OU=MS,OU=Sites,DC=ad,DC=example,DC=edu","91525835"
"281","Ignacio","Crawford","Wined1975","bohr9iJo","OU=Staff,OU=Users,OU=BES,OU=ES,OU=Sites,DC=ad,DC=example,DC=edu","14357225"
"282","Dan","Speciale","Millikesse","xoo6Fothie","OU=Staff,OU=Users,OU=AMS,OU=MS,OU=Sites,DC=ad,DC=example,DC=edu","27888971"
"283","Russell","Cruz","Stonarnined","eey5eiCeeV","OU=Staff,OU=Users,OU=CO,OU=Sites,DC=ad,DC=example,DC=edu","41426221"
"284","John","Klem","Clooke1974","aiShiyie2","OU=Staff,OU=Users,OU=CMS,OU=MS,OU=Sites,DC=ad,DC=example,DC=edu","55663861"
"285","Lori","Medina","Youghought","OhN1ohki","OU=Staff,OU=Users,OU=BHS,OU=HS,OU=Sites,DC=ad,DC=example,DC=edu","68492492"
"286","Gary","Elliott","Athey1983","KuChio6ie","OU=Staff,OU=Users,OU=CES,OU=ES,OU=Sites,DC=ad,DC=example,DC=edu","82026996"
"287","Grace","Baudoin","Punat1978","aiToh6ci","OU=Staff,OU=Users,OU=CMS,OU=MS,OU=Sites,DC=ad,DC=example,DC=edu","95564257"
"288","Lucas","Joyce","Musection","rohbid8N","OU=Staff,OU=Users,OU=CMS,OU=MS,OU=Sites,DC=ad,DC=example,DC=edu","19801875"
"289","Nicholas","Walker","Quushey70","aK1jo5eX","OU=Staff,OU=Users,OU=AMS,OU=MS,OU=Sites,DC=ad,DC=example,DC=edu","32630507"
"290","Patricia","Cordova","Plithenewark","ieSemu9ee","OU=Staff,OU=Users,OU=CO,OU=Sites,DC=ad,DC=example,DC=edu","46165011"
"291","Leo","Klingler","Linceigh","aoBaith1xo0","OU=Staff,OU=Users,OU=AES,OU=ES,OU=Sites,DC=ad,DC=example,DC=edu","59699525"
"292","Mary","Mansfield","Anste1956","eisheewahK8","OU=Staff,OU=Users,OU=AES,OU=ES,OU=Sites,DC=ad,DC=example,DC=edu","73234028"
"293","Fausto","Turner","Jobill","oVuh5AhGiec","OU=Staff,OU=Users,OU=AMS,OU=MS,OU=Sites,DC=ad,DC=example,DC=edu","86768532"
"294","Sylvia","Knox","Houte1985","uo0tai2Kah","OU=Staff,OU=Users,OU=CMS,OU=MS,OU=Sites,DC=ad,DC=example,DC=edu","10303036"
"295","Doris","Whitfield","Thippid96","eifai2meTh","OU=Staff,OU=Users,OU=CMS,OU=MS,OU=Sites,DC=ad,DC=example,DC=edu","23834793"
"296","Billy","Roberts","Godahlead","eixoBi6leeX","OU=Staff,OU=Users,OU=BHS,OU=HS,OU=Sites,DC=ad,DC=example,DC=edu","37372043"
"297","Carol","Miner","Thation","Zoh9pogaa5ae","OU=Staff,OU=Users,OU=BMS,OU=MS,OU=Sites,DC=ad,DC=example,DC=edu","50203422"
"298","Alicia","Roberts","Anctinget","quie3iY0","OU=Staff,OU=Users,OU=CHS,OU=HS,OU=Sites,DC=ad,DC=example,DC=edu","64441061"
"299","Melissa","Wible","Torned","Ahghu2equ3ga","OU=Staff,OU=Users,OU=CMS,OU=MS,OU=Sites,DC=ad,DC=example,DC=edu","77972818"
"300","Pearlie","Butler","Youldon","eeg4aib5Qu","OU=Staff,OU=Users,OU=AMS,OU=MS,OU=Sites,DC=ad,DC=example,DC=edu","91510057"
"301","Keith","Sanders","Somighten","koor8Aiwei","OU=Staff,OU=Users,OU=AHS,OU=HS,OU=Sites,DC=ad,DC=example,DC=edu","14341447"
"302","Evelyn","Martinez","Switithe","Thoongeew2","OU=Staff,OU=Users,OU=CES,OU=ES,OU=Sites,DC=ad,DC=example,DC=edu","28576329"
"303","Juan","Hunter","Prombery","mea5ao5Y","OU=Staff,OU=Users,OU=CHS,OU=HS,OU=Sites,DC=ad,DC=example,DC=edu","42110833"
"304","Richard","Taylor","Einfer","shi7Jeboogh","OU=Staff,OU=Users,OU=BES,OU=ES,OU=Sites,DC=ad,DC=example,DC=edu","55648094"
"305","Kristine","Zermeno","Lithad","ahch9ooX4","OU=Staff,OU=Users,OU=CMS,OU=MS,OU=Sites,DC=ad,DC=example,DC=edu","68476725"
"306","Robert","James","Deach1982","ki5Jeimie9","OU=Staff,OU=Users,OU=CHS,OU=HS,OU=Sites,DC=ad,DC=example,DC=edu","82011218"
"307","Mary","Echols","Forengs","Ahk2Ohphee","OU=Staff,OU=Users,OU=CES,OU=ES,OU=Sites,DC=ad,DC=example,DC=edu","96248847"
"308","Eileen","Tirado","Whick1990","toofi8ooJoo","OU=Staff,OU=Users,OU=CES,OU=ES,OU=Sites,DC=ad,DC=example,DC=edu","19783362"
"309","Lydia","Frost","Gandaillon","nahg6queePie","OU=Staff,OU=Users,OU=BMS,OU=MS,OU=Sites,DC=ad,DC=example,DC=edu","32614740"
"310","Eric","Collins","Liagn1963","Fie2eedeibu","OU=Staff,OU=Users,OU=BES,OU=ES,OU=Sites,DC=ad,DC=example,DC=edu","46149244"
"311","Kevin","Fernandez","Twoulted","MiCh0Aethiy","OU=Staff,OU=Users,OU=CMS,OU=MS,OU=Sites,DC=ad,DC=example,DC=edu","59683758"
"312","Ruth","Anderson","Pentever","aevee7Moi","OU=Staff,OU=Users,OU=AES,OU=ES,OU=Sites,DC=ad,DC=example,DC=edu","73918629"
"313","Thomas","Johnson","Entoo1966","ra4DefeT1D","OU=Staff,OU=Users,OU=AMS,OU=MS,OU=Sites,DC=ad,DC=example,DC=edu","86752754"
"314","David","Armenta","Bary1963","Hia3fieth","OU=Staff,OU=Users,OU=AES,OU=ES,OU=Sites,DC=ad,DC=example,DC=edu","10287259"
"315","Elizabeth","Becker","Phroodession","duiquahCoo9","OU=Staff,OU=Users,OU=AES,OU=ES,OU=Sites,DC=ad,DC=example,DC=edu","23819026"
"316","Scott","Vega","Sles1960","bete6Ohquee6","OU=Staff,OU=Users,OU=CMS,OU=MS,OU=Sites,DC=ad,DC=example,DC=edu","38056655"
"317","Mamie","Smith","Theresurste","Phiecu8k","OU=Staff,OU=Users,OU=CO,OU=Sites,DC=ad,DC=example,DC=edu","50890780"
"318","Edna","Cline","Nuad1986","Eesheen8","OU=Staff,OU=Users,OU=BES,OU=ES,OU=Sites,DC=ad,DC=example,DC=edu","64425283"
"319","Anthony","McConnell","Defoursated","ooTi0ieth3ae","OU=Staff,OU=Users,OU=CMS,OU=MS,OU=Sites,DC=ad,DC=example,DC=edu","77957040"
"320","Su","Cuadra","Whimor1981","oot6Ieloo","OU=Staff,OU=Users,OU=CHS,OU=HS,OU=Sites,DC=ad,DC=example,DC=edu","91491544"
"321","Johnny","Williams","Athery","Iec6dahph","OU=Staff,OU=Users,OU=CMS,OU=MS,OU=Sites,DC=ad,DC=example,DC=edu","15028805"
"322","Janet","Lemaster","Allonand77","uChahk8z","OU=Staff,OU=Users,OU=BMS,OU=MS,OU=Sites,DC=ad,DC=example,DC=edu","28560562"
"323","Justin","Barnette","Vathe1998","ohJairocox3","OU=Staff,OU=Users,OU=BHS,OU=HS,OU=Sites,DC=ad,DC=example,DC=edu","42095055"
"324","Alice","Jamison","Spait1968","Faing3rath","OU=Staff,OU=Users,OU=BMS,OU=MS,OU=Sites,DC=ad,DC=example,DC=edu","55629558"
"325","Josephine","Moore","Utmacksmay","az2Hi3fe","OU=Staff,OU=Users,OU=CO,OU=Sites,DC=ad,DC=example,DC=edu","68460948"
"326","Lynette","Cote","Therming","weic7Iegh","OU=Staff,OU=Users,OU=AMS,OU=MS,OU=Sites,DC=ad,DC=example,DC=edu","82698576"
"327","George","Dale","Ricated","iotae3teeX","OU=Staff,OU=Users,OU=CES,OU=ES,OU=Sites,DC=ad,DC=example,DC=edu","96233079"
"328","Thaddeus","Green","Tave2000","PePhaeph1ohp","OU=Staff,OU=Users,OU=BHS,OU=HS,OU=Sites,DC=ad,DC=example,DC=edu","19767595"
"329","Domingo","Colon","Excurce","ca6Lahph4","OU=Staff,OU=Users,OU=CO,OU=Sites,DC=ad,DC=example,DC=edu","32596216"
"330","Louise","Horton","Hicivy1979","Iena4reeTh","OU=Staff,OU=Users,OU=AES,OU=ES,OU=Sites,DC=ad,DC=example,DC=edu","46133466"
"331","Raymond","Johnsen","Alles1997","bai9aeZ3","OU=Staff,OU=Users,OU=CHS,OU=HS,OU=Sites,DC=ad,DC=example,DC=edu","60371094"
"332","Virginia","Gutierrez","Kethis","avoo0Ce0i","OU=Staff,OU=Users,OU=BMS,OU=MS,OU=Sites,DC=ad,DC=example,DC=edu","73902862"
"333","John","McDonald","Degainge","eic5keeFak","OU=Staff,OU=Users,OU=BES,OU=ES,OU=Sites,DC=ad,DC=example,DC=edu","86734240"
"334","Michelle","Hudson","Congavoke","Aaf1iebiyo","OU=Staff,OU=Users,OU=AHS,OU=HS,OU=Sites,DC=ad,DC=example,DC=edu","10271491"
"335","Mary","Pearson","Blithical","aewoh1wieK9","OU=Staff,OU=Users,OU=BHS,OU=HS,OU=Sites,DC=ad,DC=example,DC=edu","24506373"
"336","Steven","Stewart","Reme1964","eYeic1geo7","OU=Staff,OU=Users,OU=AHS,OU=HS,OU=Sites,DC=ad,DC=example,DC=edu","38040877"
"337","Maria","Gerken","Prationfles","oophoh8Xai","OU=Staff,OU=Users,OU=BMS,OU=MS,OU=Sites,DC=ad,DC=example,DC=edu","50872255"
"338","Dawn","Rice","Allne2000","AhGe0aiqu","OU=Staff,OU=Users,OU=AMS,OU=MS,OU=Sites,DC=ad,DC=example,DC=edu","64409505"
"339","Sam","Blackmon","Warmen1998","iehi0Iugae","OU=Staff,OU=Users,OU=CES,OU=ES,OU=Sites,DC=ad,DC=example,DC=edu","77941273"
"340","David","Pereira","Nowassained","louleeph4P","OU=Staff,OU=Users,OU=CES,OU=ES,OU=Sites,DC=ad,DC=example,DC=edu","92178901"
"341","Lauren","Coffman","Hismir91","uerahB0Rachoh","OU=Staff,OU=Users,OU=BHS,OU=HS,OU=Sites,DC=ad,DC=example,DC=edu","15010270"
"342","Frances","Rubinstein","Suldered","Ua9oh8loh","OU=Staff,OU=Users,OU=CHS,OU=HS,OU=Sites,DC=ad,DC=example,DC=edu","28544784"
"343","Johnetta","Shoemaker","Tobsers","eeh7bai9Ae","OU=Staff,OU=Users,OU=CES,OU=ES,OU=Sites,DC=ad,DC=example,DC=edu","42079288"
"344","Daniel","Marks","Pomity","ohZaph0wu","OU=Staff,OU=Users,OU=AMS,OU=MS,OU=Sites,DC=ad,DC=example,DC=edu","55613791"
"345","Brandi","Monger","Witheath1978","gain2Ohch","OU=Staff,OU=Users,OU=BHS,OU=HS,OU=Sites,DC=ad,DC=example,DC=edu","69145559"
"346","Bobbie","Ross","Pubjead","aiGaek2bee0","OU=Staff,OU=Users,OU=CMS,OU=MS,OU=Sites,DC=ad,DC=example,DC=edu","82680062"
"347","Goldie","Bennett","Quieups","aiShe4geiY2","OU=Staff,OU=Users,OU=BMS,OU=MS,OU=Sites,DC=ad,DC=example,DC=edu","96217302"
"348","Anna","Negron","Theessale","up4rohxeB","OU=Staff,OU=Users,OU=CHS,OU=HS,OU=Sites,DC=ad,DC=example,DC=edu","19751806"
"349","Ronald","Frame","Entratis1956","phaN2ziex","OU=Staff,OU=Users,OU=CMS,OU=MS,OU=Sites,DC=ad,DC=example,DC=edu","33283574"
"350","Cesar","Therrien","Expromights88","puZ6oot5Phei","OU=Staff,OU=Users,OU=AHS,OU=HS,OU=Sites,DC=ad,DC=example,DC=edu","46818077"
"351","Julie","Parish","Youne1957","NahF4wuoB9Oo","OU=Staff,OU=Users,OU=AHS,OU=HS,OU=Sites,DC=ad,DC=example,DC=edu","60355327"
"352","Kevin","Roberge","Recancenly","ioph2ohFaam","OU=Staff,OU=Users,OU=CMS,OU=MS,OU=Sites,DC=ad,DC=example,DC=edu","73887095"
"353","Brian","Powell","Faceing1978","ooC2IeNgo","OU=Staff,OU=Users,OU=CHS,OU=HS,OU=Sites,DC=ad,DC=example,DC=edu","86718463"
"354","David","Reynolds","Poved1986","fuThohc5O","OU=Staff,OU=Users,OU=BES,OU=ES,OU=Sites,DC=ad,DC=example,DC=edu","10956092"
"355","Jerald","Robertson","Anniguiturve","Coogae1Aroo","OU=Staff,OU=Users,OU=CES,OU=ES,OU=Sites,DC=ad,DC=example,DC=edu","24490596"
"356","Ashley","Putman","Morold","xei9TaiRoh","OU=Staff,OU=Users,OU=BHS,OU=HS,OU=Sites,DC=ad,DC=example,DC=edu","38025110"
"357","Melissa","Edwards","Natiouldown","noo6Jaegh","OU=Staff,OU=Users,OU=CMS,OU=MS,OU=Sites,DC=ad,DC=example,DC=edu","50856488"
"358","Gary","Fleming","Dommand","goox8tuSh","OU=Staff,OU=Users,OU=BES,OU=ES,OU=Sites,DC=ad,DC=example,DC=edu","64390992"
"359","Marie","Whittier","Likendooked","Moowie1ue8","OU=Staff,OU=Users,OU=CMS,OU=MS,OU=Sites,DC=ad,DC=example,DC=edu","78628620"
"360","Doria","Washington","Alibut73","Oqu6sohcoo","OU=Staff,OU=Users,OU=CMS,OU=MS,OU=Sites,DC=ad,DC=example,DC=edu","92163124"
"361","Eric","McCall","Uniont","woh8eKeiJ","OU=Staff,OU=Users,OU=CMS,OU=MS,OU=Sites,DC=ad,DC=example,DC=edu","14994503"
"362","Daniel","Serrano","Camprow","eer2Ga3oo","OU=Staff,OU=Users,OU=AMS,OU=MS,OU=Sites,DC=ad,DC=example,DC=edu","28526271"
"363","Thomas","Abadie","Shink1965","AiGhai2Iti3s","OU=Staff,OU=Users,OU=AHS,OU=HS,OU=Sites,DC=ad,DC=example,DC=edu","42766646"
"364","Bradley","Gomez","Haded1979","lei5Ohm3zo","OU=Staff,OU=Users,OU=CES,OU=ES,OU=Sites,DC=ad,DC=example,DC=edu","56301149"
"365","Maurice","Williams","Wharly","eN7thoh8","OU=Staff,OU=Users,OU=CES,OU=ES,OU=Sites,DC=ad,DC=example,DC=edu","69129770"
"366","William","Harrison","Nighty","Ooch6yequ","OU=Staff,OU=Users,OU=BHS,OU=HS,OU=Sites,DC=ad,DC=example,DC=edu","82664284"
"367","Patricia","Nesmith","Lach1958","aehaip1E","OU=Staff,OU=Users,OU=AMS,OU=MS,OU=Sites,DC=ad,DC=example,DC=edu","96198788"
"368","Sarah","Cintron","Whavuld","aif6Tu2eivei","OU=Staff,OU=Users,OU=CHS,OU=HS,OU=Sites,DC=ad,DC=example,DC=edu","20436417"
"369","Cheryl","Evans","Sharther","Oj3aifei2fo","OU=Staff,OU=Users,OU=BHS,OU=HS,OU=Sites,DC=ad,DC=example,DC=edu","33267807"
"370","Roberta","Fisher","Sheizips","dale0jijeK5","OU=Staff,OU=Users,OU=BES,OU=ES,OU=Sites,DC=ad,DC=example,DC=edu","46802299"
"371","Charlotte","Golden","Simet1965","ANgah8Lae","OU=Staff,OU=Users,OU=AHS,OU=HS,OU=Sites,DC=ad,DC=example,DC=edu","60336803"
"372","Suzanne","Biller","Agaithe60","cue2ieL6","OU=Staff,OU=Users,OU=BHS,OU=HS,OU=Sites,DC=ad,DC=example,DC=edu","73871306"
"373","Peter","Ferranti","Overeate","su0Yohsh","OU=Staff,OU=Users,OU=CMS,OU=MS,OU=Sites,DC=ad,DC=example,DC=edu","87405821"
"374","Tammy","Pereira","Andere","ohpoo2Foo","OU=Staff,OU=Users,OU=BHS,OU=HS,OU=Sites,DC=ad,DC=example,DC=edu","10940325"
"375","Monica","Armstrong","Provere","oo3Ahhin","OU=Staff,OU=Users,OU=BHS,OU=HS,OU=Sites,DC=ad,DC=example,DC=edu","24472082"
"376","Stephen","Mazzella","Carbandoin","tooth6AiGei","OU=Staff,OU=Users,OU=AES,OU=ES,OU=Sites,DC=ad,DC=example,DC=edu","38009332"
"377","David","Weatherly","Formlee","quaiPh3f","OU=Staff,OU=Users,OU=AHS,OU=HS,OU=Sites,DC=ad,DC=example,DC=edu","51543835"
"378","Jimmy","Middleton","Alem1997","ahThu3oMio","OU=Staff,OU=Users,OU=AHS,OU=HS,OU=Sites,DC=ad,DC=example,DC=edu","65075592"
"379","Helen","Parker","Hembeed","kiewiaNei4","OU=Staff,OU=Users,OU=BHS,OU=HS,OU=Sites,DC=ad,DC=example,DC=edu","78610106"
"380","David","Ingram","Hatichou","theeb5eeK","OU=Staff,OU=Users,OU=BHS,OU=HS,OU=Sites,DC=ad,DC=example,DC=edu","92147356"
"381","Mary","Hill","Sinalle","ieW4ua6jah","OU=Staff,OU=Users,OU=AHS,OU=HS,OU=Sites,DC=ad,DC=example,DC=edu","14978736"
"382","Justine","Harrison","Decture","ahKoe5etoogh","OU=Staff,OU=Users,OU=CES,OU=ES,OU=Sites,DC=ad,DC=example,DC=edu","29213607"
"383","Elizabeth","Belk","Iling1965","gie6Ieghah","OU=Staff,OU=Users,OU=CO,OU=Sites,DC=ad,DC=example,DC=edu","42748121"
"384","Tuyet","Seifert","Monced","Ce3ootoo3L","OU=Staff,OU=Users,OU=CO,OU=Sites,DC=ad,DC=example,DC=edu","56285371"
"385","Tina","Raines","Feaver","Iv0Uet6pa1","OU=Staff,OU=Users,OU=BES,OU=ES,OU=Sites,DC=ad,DC=example,DC=edu","69114003"
"386","David","Mitchell","Betmadvand1967","eing7Ahm3uth","OU=Staff,OU=Users,OU=BMS,OU=MS,OU=Sites,DC=ad,DC=example,DC=edu","82648517"
"387","Jane","Blossom","Defourne","Eixi3eemoh4","OU=Staff,OU=Users,OU=CES,OU=ES,OU=Sites,DC=ad,DC=example,DC=edu","96886146"
"388","Hazel","Christie","Nathothered","phoo0eeQu","OU=Staff,OU=Users,OU=AHS,OU=HS,OU=Sites,DC=ad,DC=example,DC=edu","20417893"
"389","Dorothy","Lewis","Throdgent","Eesoo9Oob6","OU=Staff,OU=Users,OU=CES,OU=ES,OU=Sites,DC=ad,DC=example,DC=edu","33252018"
"390","Daniel","Bohannon","Drowed","Gaequahn5a","OU=Staff,OU=Users,OU=CES,OU=ES,OU=Sites,DC=ad,DC=example,DC=edu","46786532"
"391","Melvin","Soto","Uploy1966","eeTei7phoge","OU=Staff,OU=Users,OU=CHS,OU=HS,OU=Sites,DC=ad,DC=example,DC=edu","61024161"
"392","Maryann","Phipps","Rild1965","Mabiegh1eiJa","OU=Staff,OU=Users,OU=AES,OU=ES,OU=Sites,DC=ad,DC=example,DC=edu","74555918"
"393","Jean","Reaves","Stemed","Ookei5daht1","OU=Staff,OU=Users,OU=BES,OU=ES,OU=Sites,DC=ad,DC=example,DC=edu","87390053"
"395","Linda","Gould","Honant","Ohm3Zesh","OU=Staff,OU=Users,OU=CO,OU=Sites,DC=ad,DC=example,DC=edu","24456304"
"396","Muriel","Morrison","Manter70","uVo9oopi0v","OU=Staff,OU=Users,OU=BHS,OU=HS,OU=Sites,DC=ad,DC=example,DC=edu","38693943"
"397","Eddie","Armand","Hicut1959","quii6Niye","OU=Staff,OU=Users,OU=CHS,OU=HS,OU=Sites,DC=ad,DC=example,DC=edu","51528068"
"398","Felicia","Jones","Suraceent1969","oosixoo8daeZae","OU=Staff,OU=Users,OU=CO,OU=Sites,DC=ad,DC=example,DC=edu","65059825"
"399","David","Velez","Therul","pemie8Ee","OU=Staff,OU=Users,OU=AMS,OU=MS,OU=Sites,DC=ad,DC=example,DC=edu","78594329"
"400","James","Meyer","Explas","DaThaiy5uz","OU=Staff,OU=Users,OU=AES,OU=ES,OU=Sites,DC=ad,DC=example,DC=edu","92128832"
"401","Jaimie","Roberts","Gonstornes","Seuh0AeJah","OU=Staff,OU=Users,OU=BES,OU=ES,OU=Sites,DC=ad,DC=example,DC=edu","15666083"
"402","Carol","Tucker","Affiriplent","raiN8Keecae","OU=Staff,OU=Users,OU=CHS,OU=HS,OU=Sites,DC=ad,DC=example,DC=edu","29197840"
"403","David","Baker","Hishoutt","waequ7PaeFi","OU=Staff,OU=Users,OU=BHS,OU=HS,OU=Sites,DC=ad,DC=example,DC=edu","42732354"
"404","Thomas","Wells","Spittly","jieVeil5ch","OU=Staff,OU=Users,OU=CHS,OU=HS,OU=Sites,DC=ad,DC=example,DC=edu","56266858"
"405","John","Hugo","Himedly","ja0Choe3zae","OU=Staff,OU=Users,OU=BES,OU=ES,OU=Sites,DC=ad,DC=example,DC=edu","69798615"
"406","Bonnie","Vandyne","Exceplicted","aiTeip7Co9","OU=Staff,OU=Users,OU=CO,OU=Sites,DC=ad,DC=example,DC=edu","83335854"
"407","Katrina","Armstrong","Therstre","Eeso6eejo","OU=Staff,OU=Users,OU=AES,OU=ES,OU=Sites,DC=ad,DC=example,DC=edu","96870368"
"408","Judy","Chupp","Theavalogy","euSaiBeij4a","OU=Staff,OU=Users,OU=CHS,OU=HS,OU=Sites,DC=ad,DC=example,DC=edu","20402126"
"409","Gene","Merkle","Sithe1971","mou0uk2Choh","OU=Staff,OU=Users,OU=CO,OU=Sites,DC=ad,DC=example,DC=edu","33233504"
"410","Ahmed","Gonzalez","Liner1966","ooseiC9Hohe5","OU=Staff,OU=Users,OU=AHS,OU=HS,OU=Sites,DC=ad,DC=example,DC=edu","47473890"
"411","Dustin","Hoke","Youngs","thohmae8Chah","OU=Staff,OU=Users,OU=AES,OU=ES,OU=Sites,DC=ad,DC=example,DC=edu","61008394"
"412","Harold","Harvey","Gooke1976","okooxaix8F","OU=Staff,OU=Users,OU=CMS,OU=MS,OU=Sites,DC=ad,DC=example,DC=edu","74540140"
"413","Mary","Coomer","Accar1959","Uk2aiN9ie","OU=Staff,OU=Users,OU=CO,OU=Sites,DC=ad,DC=example,DC=edu","87371518"
"414","Eric","Carlson","Exinglity","IiMahgh4r","OU=Staff,OU=Users,OU=CO,OU=Sites,DC=ad,DC=example,DC=edu","10908780"
"415","Jason","Swain","Causat","aiph7Tharee","OU=Staff,OU=Users,OU=AHS,OU=HS,OU=Sites,DC=ad,DC=example,DC=edu","25143662"
"416","Gary","Walters","Whounclat","nae4thaeYie","OU=Staff,OU=Users,OU=AHS,OU=HS,OU=Sites,DC=ad,DC=example,DC=edu","38678165"
"417","Rudolph","Hinkle","Theappring","Ru4Niet0shoh","OU=Staff,OU=Users,OU=AMS,OU=MS,OU=Sites,DC=ad,DC=example,DC=edu","51509555"
"418","Sharon","Ramirez","Prinfeards","aSheisaTh8","OU=Staff,OU=Users,OU=AHS,OU=HS,OU=Sites,DC=ad,DC=example,DC=edu","65044047"
"419","Virginia","Molina","Buirl1971","ooqu1Ohh","OU=Staff,OU=Users,OU=CMS,OU=MS,OU=Sites,DC=ad,DC=example,DC=edu","78578551"
"420","Andrew","Carter","Thempoess","eet2Cha9ohz","OU=Staff,OU=Users,OU=AHS,OU=HS,OU=Sites,DC=ad,DC=example,DC=edu","92816190"
"421","Barbara","Wright","Waxick66","aepo2eQu4yi","OU=Staff,OU=Users,OU=CO,OU=Sites,DC=ad,DC=example,DC=edu","15647569"
"422","Julie","Burch","Prolead","eeVu4nohNg","OU=Staff,OU=Users,OU=BHS,OU=HS,OU=Sites,DC=ad,DC=example,DC=edu","29182073"
"423","Kayla","Medellin","Fiass1972","lo0naPhee","OU=Staff,OU=Users,OU=AHS,OU=HS,OU=Sites,DC=ad,DC=example,DC=edu","42716566"
"424","Robert","McCants","Walway1969","ja0xeM0a","OU=Staff,OU=Users,OU=CHS,OU=HS,OU=Sites,DC=ad,DC=example,DC=edu","56954205"
"425","Gregory","Sauer","Theizen","uCiego3As9","OU=Staff,OU=Users,OU=BES,OU=ES,OU=Sites,DC=ad,DC=example,DC=edu","69782837"
"426","Robert","Zepeda","Acketwound1967","iz4nuNii2dah","OU=Staff,OU=Users,OU=BES,OU=ES,OU=Sites,DC=ad,DC=example,DC=edu","83317340"
"427","Monica","Fuller","Tionant","ueV5Ieva","OU=Staff,OU=Users,OU=CHS,OU=HS,OU=Sites,DC=ad,DC=example,DC=edu","96854601"
"428","Thomas","Whitfield","Talmouse","chei3Ofee","OU=Staff,OU=Users,OU=AMS,OU=MS,OU=Sites,DC=ad,DC=example,DC=edu","20386359"
"429","Paul","Hogue","Opocone","Veiki3ahk","OU=Staff,OU=Users,OU=BES,OU=ES,OU=Sites,DC=ad,DC=example,DC=edu","33920852"
"430","Patricia","Janelle","Daventure","Ohf0foh7","OU=Staff,OU=Users,OU=AHS,OU=HS,OU=Sites,DC=ad,DC=example,DC=edu","47455355"
"431","Madeline","Moore","Comptions","Gii5aeQuee","OU=Staff,OU=Users,OU=BMS,OU=MS,OU=Sites,DC=ad,DC=example,DC=edu","60992616"
"432","Mary","Turner","Haplen99","oT7deihei4ie","OU=Staff,OU=Users,OU=CES,OU=ES,OU=Sites,DC=ad,DC=example,DC=edu","74524373"
"433","Bonnie","Wright","Fornamessits","Ea8oolaing","OU=Staff,OU=Users,OU=BES,OU=ES,OU=Sites,DC=ad,DC=example,DC=edu","87355751"
"434","Henry","Holder","Amouch","Mahgeiz4Ei","OU=Staff,OU=Users,OU=CO,OU=Sites,DC=ad,DC=example,DC=edu","11593391"
"435","Sandra","Garver","Sanclaus62","Koh7vei5ah","OU=Staff,OU=Users,OU=AES,OU=ES,OU=Sites,DC=ad,DC=example,DC=edu","25127884"
"436","Andrea","Partin","Grephersur","aeH5oopoh","OU=Staff,OU=Users,OU=AMS,OU=MS,OU=Sites,DC=ad,DC=example,DC=edu","38662388"
"437","Joshua","Nuzzo","Preselle","phoh0Sien4","OU=Staff,OU=Users,OU=CMS,OU=MS,OU=Sites,DC=ad,DC=example,DC=edu","51493777"
"438","Carl","Hughes","Ansings","theiDee7eig","OU=Staff,OU=Users,OU=AHS,OU=HS,OU=Sites,DC=ad,DC=example,DC=edu","65728659"
"439","Vicki","Mercado","Advaltepi1992","OoZa5cozea","OU=Staff,OU=Users,OU=BHS,OU=HS,OU=Sites,DC=ad,DC=example,DC=edu","79265909"
"440","John","Belisle","Dribithave","ahS5quu3choo","OU=Staff,OU=Users,OU=BES,OU=ES,OU=Sites,DC=ad,DC=example,DC=edu","92800412"
"441","Davina","Hockenberry","Seeck1989","soqu9euB","OU=Staff,OU=Users,OU=BHS,OU=HS,OU=Sites,DC=ad,DC=example,DC=edu","15631792"
"442","Lisa","Sheffield","Kinatim","Rahphi8w","OU=Staff,OU=Users,OU=AMS,OU=MS,OU=Sites,DC=ad,DC=example,DC=edu","29163548"
"443","Melba","Bowman","Befrele","caiBahGoo0","OU=Staff,OU=Users,OU=AES,OU=ES,OU=Sites,DC=ad,DC=example,DC=edu","43403924"
"444","Alicia","Walters","Sected","sahThue7","OU=Staff,OU=Users,OU=CES,OU=ES,OU=Sites,DC=ad,DC=example,DC=edu","56938438"
"445","Chris","Garcia","Ader1956","Thoorec1Sah","OU=Staff,OU=Users,OU=BMS,OU=MS,OU=Sites,DC=ad,DC=example,DC=edu","69767070"
"446","Ethyl","Murray","Sylawass","yaeGh7Toh","OU=Staff,OU=Users,OU=CO,OU=Sites,DC=ad,DC=example,DC=edu","83301573"
"447","Jo","Stone","Counces","tae1Kedae","OU=Staff,OU=Users,OU=CHS,OU=HS,OU=Sites,DC=ad,DC=example,DC=edu","96836066"
"448","Joann","Underwood","Quoinep","RaiC5Chooqu","OU=Staff,OU=Users,OU=BHS,OU=HS,OU=Sites,DC=ad,DC=example,DC=edu","21073706"
"449","Douglas","Merrifield","Thaventer","Aiphooc9ohca","OU=Staff,OU=Users,OU=AMS,OU=MS,OU=Sites,DC=ad,DC=example,DC=edu","34608209"
"450","Jack","Rodriquez","Thadince","ohvee5Ohquoh","OU=Staff,OU=Users,OU=CO,OU=Sites,DC=ad,DC=example,DC=edu","47439588"
"451","Veronica","Hopkins","Neques","iev3Iejoth","OU=Staff,OU=Users,OU=CMS,OU=MS,OU=Sites,DC=ad,DC=example,DC=edu","60974102"
"452","Willie","Freed","Dickent1977","ow3Oonohj","OU=Staff,OU=Users,OU=AES,OU=ES,OU=Sites,DC=ad,DC=example,DC=edu","75211731"
"453","Tricia","Mark","Ressell","uJuphei5","OU=Staff,OU=Users,OU=CES,OU=ES,OU=Sites,DC=ad,DC=example,DC=edu","88746223"
"454","James","Huntington","Antark","Ekiehai5aic","OU=Staff,OU=Users,OU=CHS,OU=HS,OU=Sites,DC=ad,DC=example,DC=edu","11577613"
"455","Robert","Vestal","Fehourempard65","Riechich8","OU=Staff,OU=Users,OU=CHS,OU=HS,OU=Sites,DC=ad,DC=example,DC=edu","25109370"
"456","Edward","Clements","Fringlose","eShiwe4uhie","OU=Staff,OU=Users,OU=CHS,OU=HS,OU=Sites,DC=ad,DC=example,DC=edu","38646620"
"457","Richard","Clark","Alme1971","auxahgeu1X","OU=Staff,OU=Users,OU=AHS,OU=HS,OU=Sites,DC=ad,DC=example,DC=edu","52884249"
"458","John","Clayton","Wareir73","ieSheeh6","OU=Staff,OU=Users,OU=CMS,OU=MS,OU=Sites,DC=ad,DC=example,DC=edu","65712891"
"459","Deena","Lamb","Obts1956","eiyeez8Nie","OU=Staff,OU=Users,OU=AES,OU=ES,OU=Sites,DC=ad,DC=example,DC=edu","79247384"
"460","Travis","Schwartz","Oblem1987","tai7AhLaew","OU=Staff,OU=Users,OU=CES,OU=ES,OU=Sites,DC=ad,DC=example,DC=edu","92784634"
"461","Kenneth","Carroll","Doemse","Xah7thai3","OU=Staff,OU=Users,OU=CO,OU=Sites,DC=ad,DC=example,DC=edu","16319150"
"462","Victoria","Waid","Stal1997","ohPaul7g","OU=Staff,OU=Users,OU=BMS,OU=MS,OU=Sites,DC=ad,DC=example,DC=edu","29850906"
"463","Jeffrey","Ahrens","Hein1982","Oighu6zexei","OU=Staff,OU=Users,OU=BMS,OU=MS,OU=Sites,DC=ad,DC=example,DC=edu","43385410"
"464","Aubrey","Wortman","Taks1976","Muereev3ei","OU=Staff,OU=Users,OU=CHS,OU=HS,OU=Sites,DC=ad,DC=example,DC=edu","56919913"
"465","Daniel","Reed","Tintaid","Tairohk6","OU=Staff,OU=Users,OU=BHS,OU=HS,OU=Sites,DC=ad,DC=example,DC=edu","70454417"
"466","Kelly","Durst","Therad","Weece2goo","OU=Staff,OU=Users,OU=AES,OU=ES,OU=Sites,DC=ad,DC=example,DC=edu","83988920"
"467","Earl","Mack","Obsell","ohPagaex4Lae","OU=Staff,OU=Users,OU=AHS,OU=HS,OU=Sites,DC=ad,DC=example,DC=edu","97523424"
"468","Enrique","Tracy","Theentind60","Phaec8tei","OU=Staff,OU=Users,OU=BES,OU=ES,OU=Sites,DC=ad,DC=example,DC=edu","21055192"
"469","Dana","Zimmer","Kationds","OhZoe0coo1ee","OU=Staff,OU=Users,OU=CMS,OU=MS,OU=Sites,DC=ad,DC=example,DC=edu","34592442"
"470","William","Collings","Pabis1960","od4Jaiqu0c","OU=Staff,OU=Users,OU=AMS,OU=MS,OU=Sites,DC=ad,DC=example,DC=edu","47423810"
"471","Florence","Osborne","Beivearat","aiHeew2oo","OU=Staff,OU=Users,OU=CES,OU=ES,OU=Sites,DC=ad,DC=example,DC=edu","61658703"
"472","Christian","Redman","Alaitur95","OhS6iecooj","OU=Staff,OU=Users,OU=CO,OU=Sites,DC=ad,DC=example,DC=edu","75193206"
"473","Veronica","Smith","Musigen","Ekie0ux5lei","OU=Staff,OU=Users,OU=BMS,OU=MS,OU=Sites,DC=ad,DC=example,DC=edu","88730456"
"474","Cory","Dobson","Hemed1997","taiR5lae","OU=Staff,OU=Users,OU=AMS,OU=MS,OU=Sites,DC=ad,DC=example,DC=edu","11561836"
"475","Leonardo","Bernhardt","Lovery","ied3opouXieX","OU=Staff,OU=Users,OU=AMS,OU=MS,OU=Sites,DC=ad,DC=example,DC=edu","25093603"
"476","Joseph","Smith","Acte1965","PheeN0JeeH","OU=Staff,OU=Users,OU=BES,OU=ES,OU=Sites,DC=ad,DC=example,DC=edu","39331221"
"477","Matthew","Nies","Advalogiand","fongu6ahR0","OU=Staff,OU=Users,OU=BHS,OU=HS,OU=Sites,DC=ad,DC=example,DC=edu","52868471"
"478","Mildred","Owens","Ovestint","hieXe5oi","OU=Staff,OU=Users,OU=BMS,OU=MS,OU=Sites,DC=ad,DC=example,DC=edu","65697114"
"479","Gregory","Galindo","Wenew1958","Ielaiy6Jai","OU=Staff,OU=Users,OU=CMS,OU=MS,OU=Sites,DC=ad,DC=example,DC=edu","79231617"
"480","Marion","Poirier","Donen1982","uQuush4Ithai","OU=Staff,OU=Users,OU=CMS,OU=MS,OU=Sites,DC=ad,DC=example,DC=edu","93469246"
"481","Joe","Garner","Tomer1974","yaF5aeVee1eep","OU=Staff,OU=Users,OU=CES,OU=ES,OU=Sites,DC=ad,DC=example,DC=edu","17003750"
"482","Loyd","Lockett","Thadern","Bohy2pohch","OU=Staff,OU=Users,OU=CO,OU=Sites,DC=ad,DC=example,DC=edu","29835129"
"483","Jose","Mack","Nowely","Woh7ail7s","OU=Staff,OU=Users,OU=BHS,OU=HS,OU=Sites,DC=ad,DC=example,DC=edu","43369632"
"484","Amy","Huddleston","Shentle","yooQuooH3W","OU=Staff,OU=Users,OU=CHS,OU=HS,OU=Sites,DC=ad,DC=example,DC=edu","56904135"
"485","Robert","Wilson","Gooke1959","po0IeX5oob","OU=Staff,OU=Users,OU=BES,OU=ES,OU=Sites,DC=ad,DC=example,DC=edu","71139028"
"486","Joanne","Smith","Doself","Si2veo3qu","OU=Staff,OU=Users,OU=CES,OU=ES,OU=Sites,DC=ad,DC=example,DC=edu","83973153"
"487","Marshall","Hensley","Strust","Eayo0ooCei","OU=Staff,OU=Users,OU=AES,OU=ES,OU=Sites,DC=ad,DC=example,DC=edu","97507657"
"488","Javier","Singh","Welifer","Eetod9ou0oa","OU=Staff,OU=Users,OU=AES,OU=ES,OU=Sites,DC=ad,DC=example,DC=edu","21039415"
"489","Molly","Salamanca","Repeteds1998","ahW7aiQu3x","OU=Staff,OU=Users,OU=CO,OU=Sites,DC=ad,DC=example,DC=edu","34573918"
"490","Ella","Bealer","Hicamen","uG1Uagh9esh","OU=Staff,OU=Users,OU=CHS,OU=HS,OU=Sites,DC=ad,DC=example,DC=edu","48111168"
"491","George","Coachman","Sookinium","Ialoh9ooPh7","OU=Staff,OU=Users,OU=AMS,OU=MS,OU=Sites,DC=ad,DC=example,DC=edu","61642925"
"492","Mason","Climer","Abothe","goThoo3uit","OU=Staff,OU=Users,OU=AHS,OU=HS,OU=Sites,DC=ad,DC=example,DC=edu","75177439"
"493","Joseph","Sledge","Flach1969","AeL1eseti1oo","OU=Staff,OU=Users,OU=CES,OU=ES,OU=Sites,DC=ad,DC=example,DC=edu","88711943"
"494","Summer","Boylan","Whapt1995","Einooda4a","OU=Staff,OU=Users,OU=AES,OU=ES,OU=Sites,DC=ad,DC=example,DC=edu","11546058"
"495","Mary","Rowe","Spicionly1962","Ya5ahja8o","OU=Staff,OU=Users,OU=BMS,OU=MS,OU=Sites,DC=ad,DC=example,DC=edu","25780950"
"496","Refugia","Fisher","Andut1959","Wa2caer8","OU=Staff,OU=Users,OU=BES,OU=ES,OU=Sites,DC=ad,DC=example,DC=edu","39315454"
"497","Hallie","Turner","Pencier","Wichaej7fah","OU=Staff,OU=Users,OU=CMS,OU=MS,OU=Sites,DC=ad,DC=example,DC=edu","52849957"
"498","Tammy","Garrett","Frourperly","Joh3xa1Y","OU=Staff,OU=Users,OU=AES,OU=ES,OU=Sites,DC=ad,DC=example,DC=edu","65681336"
"499","David","Perez","Liplet","Eghe4ael0a","OU=Staff,OU=Users,OU=AES,OU=ES,OU=Sites,DC=ad,DC=example,DC=edu","79918975"
"500","Patricia","Williams","Therinueng","Aexu2oxah","OU=Staff,OU=Users,OU=AES,OU=ES,OU=Sites,DC=ad,DC=example,DC=edu","93453468"
